year,sample_event_date,sample_event_date_edb,sample_year,Nili_id,mb_id,edb_id,Movebank_study,mb_study,transm_id,deploy_on,deploy_off,no_tag_days,wing_tag,wing_tag_color,origin,birth_year,age_class,sex,location,wild_caged,result,pos_neg_1,speciesR,seq_quality,species1,homology,bases,species2,homology,bases,PCR_Number_oldtemp,Sample_Number,HyLab_Order,Primer,Date_Sent,Homology_1st_match,,Homology_2nd_match,,HyLab_Order,Primer,Date_Sent,Aligned_Homology,,Gel_Batch,pos_neg,remark,PCR_+_GEL_Number_(Miranda),Sample_Number,HyLab_Order,Primer,Date_Sent,Homology_1st_Match,,Homology_2nd_Match,,,Hylab_Order,Primer,Date_Sent,,,,
2021,29-Sep-21,2021-09-29,2021,yomtov,Y26b,Y26b,Ornitela_Vultures_Gyps_fulvus_TAU_UCLA_Israel,,213592,29-Sep-21,,,Y26,black,Wild,2019,sub,f,Negev,wild,,pos,Maculosim,,myco. Maculosim NCTC,0.99,945/947,,,,,,,,,,,,,,,,,,1,pos,,42,SB58,484751,MGSO_R,2021-06-23,myco. Maculosim NCTC,0.99,myco. Macu. NBRC,0.99,,,,,,,,
2021,13-Sep-21,2021-09-13,2021,nico,T91b,T91b,Ornitela_Vultures_Gyps_fulvus_TAU_UCLA_Israel,,213581,13-Sep-21,,,T91 ,black,Wild,2004,ad,m,Negev,wild,,pos,47802B,,myco. 47802B,0.99,939/946,myco. M222-5,0.99,933/940,19,SB15,480649,GPF_F,2021-05-23,unknown,,,,481918,MGSO_R,,cannot assemble,,1,pos,,19,SB15,484751,MGSO_R,2021-06-23,myco. 47802B,0.99,myco. M222-5,0.99,,,,,,,,
2021,13-Sep-21,2021-09-13,2021,nelson,T71w,T71w,Ornitela_Vultures_Gyps_fulvus_TAU_UCLA_Israel,,213547,13-Sep-21,28-Dec-21,106,T71,white ,Wild,2019,sub,NA,Negev,wild,,pos,,double,double,,,,,,8,SB3,479193,GPF_F,45174,,,,,,,,double peak,,1,pos,,6,SB3,,,,,,,,,,,,,,,
2021,29-Sep-21,2021-09-29,2021,boker,T53b,T53b,Ornitela_Vultures_Gyps_fulvus_TAU_UCLA_Israel,,213575,29-Sep-21,25-Jul-23,664,T53,black,Wild,2016,ad,m,Negev,wild,,pos,myco_005,double,myco. 005,0.93,double,myco. 1449,0.92,,21,SB38,480649,GPF_F,2021-05-23,myco. 47802B,0.97,myco. 005,0.96,481918,MGSO_R,,cannot assemble,,1,pos,,21,SB38,481926,MGSO_R,45144,myco. 005,0.93,myco. 1449,0.92,double peaks,,,,,,,
2021,29-Sep-21,2021-09-29,2021,faculta,T15w,T15w,Ornitela_Vultures_Gyps_fulvus_TAU_UCLA_Israel,,213590,29-Sep-21,,,T15,white,Wild,2004,ad,f,Negev,wild,,neg,,,,,,,,,,,,,,,,,,,,,,,1,neg,,40,SB40,nanodrop too low - not sent ,,,,,,,,,,,,,,
2021,29-Sep-21,2021-09-29,2021,spiegel,T14w,T14w,Ornitela_Vultures_Gyps_fulvus_TAU_UCLA_Israel,,213577,29-Sep-21,10-Jan-22,103,T14 ,white,Wild,2015,ad,m,Negev,wild,,neg,,,,,,,,,,,,,,,,,,,,,,,1,neg,,37,SB43,nanodrop too low - not sent ,,,,,,,,,,,,,,
2021,07-Oct-21,2021-10-07,2021,talkitna,T13b,T13b,Ornitela_Vultures_Gyps_fulvus_TAU_UCLA_Israel,,213573,07-Oct-21,,,T13,black,Wild,2014,ad,m,Negev,wild,,pos,myco_005,,myco. 005,0.99,952/953,myco. 1449,0.99,950/955(99%),,,,,,,,,,,,,,,2,pos,,72,SB65,486414,MGSO_R,45023,myco. 005,0.99,myco. 1449,0.99,,,,,,,,
2021,09-Nov-21,2021-11-09,2021,jose,J05w,J05w,Ornitela_Vultures_Gyps_fulvus_TAU_UCLA_Israel,,202363,09-Nov-21,,,J05 ,white,Wild,2019,sub,f,Negev,wild,,pos,myco_005,,myco. 005,0.99,950/953,myco. SH20,0.99,948/955,,,,,,,,,,,,,,,2,pos,,56,SB86,486414,MGSO_R,45023,myco. 005,0.99,myco. SH20,0.99,,,,,,,,
2021,22-Oct-21,2021-10-22,2021,jojo,E45w,E45w,Ornitela_Vultures_Gyps_fulvus_TAU_UCLA_Israel,,213550,22-Oct-21,,,E45,white ,Wild,2019,sub,f,Negev,wild,,pos,,,myco. Sp18b,0.81,,myco. 27639,0.8,,,,,,,,,,,,,,,,2,pos,,67,SB80,486414,MGSO_R,45023,myco. Sp18b,0.81,myco. 27639,0.8,,,,,,,,
2021,07-Oct-21,2021-10-07,2021,etretat,E34w,E34w,Ornitela_Vultures_Gyps_fulvus_TAU_UCLA_Israel,,202364,07-Oct-21,,,E34,white,Wild,2006,ad,f,Negev,wild,,neg,,,,,,,,,,,,,,,,,,,,,,,2,pos,,63,SB76,487648,MGSO_R,2013-07-23,stecheria intestinalis,0.91,anaerotruncus,0.91,,,,,,,,
2021,07-Oct-21,2021-10-07,2021,tess,E33w,E33w,Ornitela_Vultures_Gyps_fulvus_TAU_UCLA_Israel,,202387,07-Oct-21,16-Oct-21,9,E33,white,Wild,2015,ad,f,Negev,wild,,neg,,,,,,,,,,,,,,,,,,,,,,,2,neg,,61,SB74,,,,,,,,,,,,,,,
2021,07-Oct-21,2021-10-07,2021,elgin,E32w,E32w,Ornitela_Vultures_Gyps_fulvus_TAU_UCLA_Israel,,202401,07-Oct-21,,,E32,white,Wild,2004,ad,m,Negev,wild,,pos,synovia,,myco. Syno HN01,0.99,,,,,,,,,,,,,,,,,,,2,pos,,65,SB77,486414,MGSO_R,45023,myco. Syno HN01,0.99,myco. Syno NCTC,0.99,,,,,,,,
2021,07-Oct-21,2021-10-07,2021,yungala,E30w,E30w,Ornitela_Vultures_Gyps_fulvus_TAU_UCLA_Israel,,213568,07-Oct-21,17-Jan-22,102,E30,white,Wild,2013,ad,f,Negev,wild,,pos,,,myco. Sp18b,0.99,,myco. 27639,0.99,,myco. Sp18b,0.99,myco. 27639,0.99,,,,,,,,,,,2,pos,,60,SB73,487648,MGSO_R,2013-07-23,myco. Sp18b,0.99,myco. 27639,0.99,,,,,,,,
2021,07-Oct-21,2021-10-07,2021,kasama,E19w,E19w,Ornitela_Vultures_Gyps_fulvus_TAU_UCLA_Israel,,213593,07-Oct-21,19-Nov-21,43,E19,white,Wild,2001,ad,NA,Negev,wild,,neg,,,,,,,,,,,,,,,,,,,,,,,2,neg,,77,SB71,,,,,,,,,,,,,,,
2021,07-Oct-21,2021-10-07,2021,estavan,E17w,E17w,Ornitela_Vultures_Gyps_fulvus_TAU_UCLA_Israel,,213582,07-Oct-21,,,E17,white,Wild,2015,ad,m,Negev,wild,,pos,,,myco. SH20,0.95,,myco. 005,0.95,,,,,,,,,,,,,,,,2,pos,,71,SB63,487648,MGSO_R,2013-07-23,myco. SH20,0.95,myco. 005,0.95,,,,,,,,
2021,29-Sep-21,2021-09-29,2021,logan,E15w,E15w,Ornitela_Vultures_Gyps_fulvus_TAU_UCLA_Israel,,213588,29-Sep-21,10-Jan-22,103,E15,white,Wild,2002,ad,m,Negev,wild,,pos,myco_005,,myco. 005,1,945/945,myco. 1449 ,0.99,,,,,,,,,,,,,,,,2,pos,,80,SB51,487648,MGSO_R,2013-07-23,myco 1449,0.99,myco. 005,0.99,,,,,,,,
2021,29-Sep-21,2021-09-29,2021,archimedes,E14w,E14w,Ornitela_Vultures_Gyps_fulvus_TAU_UCLA_Israel,,213589,29-Sep-21,24-Oct-21,25,E14,white,Wild,2005,ad,m,Negev,wild,,pos,,,myco. Sp18b,0.99,,myco. 27639,0.99,,,,,,,,,,,,,,,,2,pos,,81,SB52,486414,MGSO_R,45023,myco. Sp18b,0.99,myco. 27639,0.99,,,,,,,,
2021,29-Sep-21,2021-09-29,2021,erasmus,E13w,E13w,Ornitela_Vultures_Gyps_fulvus_TAU_UCLA_Israel,,202378,29-Sep-21,,,E13,white,Wild,2021,juv,m,Negev,wild,,pos,synovia,, synoviae strain HN01,0.99,,,,,,,,,,,,,,,,,,,1,pos,,31,SB49,481926,MGSO_R,45144,mycoplasmopsis synoviae strain HN01,0.99,,,,,,,,,,
2021,29-Sep-21,2021-09-29,2021,echo,E12w,E12w,Ornitela_Vultures_Gyps_fulvus_TAU_UCLA_Israel,,213594,29-Sep-21,,,E12,white,Wild,2021,juv,m,Negev,wild,,pos,,,vulturii,0.99,,,,,,,,,,,,,,,,,,,1,pos,,36,SB44,481926,MGSO_R,45144,vulturii,0.99,,,,,,,,,,
2021,29-Sep-21,2021-09-29,2021,epsilon,E11w,E11w,Ornitela_Vultures_Gyps_fulvus_TAU_UCLA_Israel,,213591,29-Sep-21,,,E11,white,Wild,2021,juv,m,Negev,wild,,pos,,,vulturii,0.99,,,,,,,,,,,,,,,,,,,1,pos,,35,SB45,481926,MGSO_R,45144,vulturii,0.99,,,,,,,,,,
2021,29-Sep-21,2021-09-29,2021,edward,E10w,E10w,Ornitela_Vultures_Gyps_fulvus_TAU_UCLA_Israel,,213551,29-Sep-21,15-Oct-22,381,E10,white,Wild,2021,juv,m,Negev,wild,,pos,ud,,uncultured myco,0.89,double peaks,,,,,,,,,,,,,,,,,,1,pos,,32,SB48,481926,MGSO_R,45144,uncultured myco,0.89,,,,,,,,,,
2021,13-Sep-21,2021-09-13,2021,tennessee,E07w,E07w,Ornitela_Vultures_Gyps_fulvus_TAU_UCLA_Israel,,213553,13-Sep-21,24-Oct-21,41,E07,white ,Wild,2006,ad,m,Negev,wild,,pos,47802B,,myco. 47802B,0.99,900/906,Mycoplasma sp. M222-5˜,0.99,900/906,12,SB24,480649,GPF_F,2021-05-23,myco. 47802B,0.94,,,481918,MGSO_R,,Myco. 47802B,0.99,1,pos,,12,SB24,481926,MGSO_R,45144,myco. 47802B,0.97,,,,,,,,,,
2021,13-Sep-21,2021-09-13,2021,kazania,E05w,E05w,Ornitela_Vultures_Gyps_fulvus_TAU_UCLA_Israel,,213552,13-Sep-21,,,E05,white ,Wild,2021,juv,f,Negev,wild,,pos,ud,double,myco. Syno NCTC,0.86,,,,,15,SB21,480649,GPF_F,2021-05-23,vulturii,0.99,vulturii,0.99,,,,,,1,pos,,15,SB21,484751,MGSO_R,2021-06-23,myco. Syno. HN01,0.86,myco. Syno NCTC,0.86,double peaks,486414,GPF_F,45023,myco. Syno HN01,0.85,myco. Syno NCTC,0.85
2021,13-Sep-21,2021-09-13,2021,kalogeros,E04w,E04w,Ornitela_Vultures_Gyps_fulvus_TAU_UCLA_Israel,,213564,13-Sep-21,04-Apr-22,203,E04,white ,Wild,2021,juv,NA,Negev,wild,,pos,ud,*double,myco. syno,0.76,*double peaks,,,,20,SB13,480649,GPF_F,2021-05-23,vulturii,0.99,vulturii,0.99,,,,,,1,pos,,20,SB13,484751,MGSO_R,2021-06-23,myco. Syno HN01,0.76,myco. syno,0.76,*double peaks,486414,GPF_F,45023,myco. Syno NCTC,0.83,myco. Syno ATCC,0.83
2021,13-Sep-21,2021-09-13,2021,kilkenny,E03w,E03w,Ornitela_Vultures_Gyps_fulvus_TAU_UCLA_Israel,,213556,13-Sep-21,26-Sep-21,13,E03,white ,Wild,2016,ad,m,Negev,wild,,pos,47802B,,Myco. 47802B,0.99,961/967,Mycoplasma sp. M222-5˜,0.99,954/960,14,SB22,480649,GPF_F,2021-05-23,myco. 47802B,0.99,myco. M222,0.99,,,,,,1,pos,,14,SB22,484751,MGSO_R,2021-06-23,Myco. 47802B,0.99,myco. M222-5,0.99,,,,,,,,
2021,13-Sep-21,2021-09-13,2021,bargal,E02w,E02w,Ornitela_Vultures_Gyps_fulvus_TAU_UCLA_Israel,,213580,13-Sep-21,04-Oct-21,21,E02,white ,Wild,2017,ad,NA,Negev,wild,,pos,,high_temp,double peak,,,,,,2,SB10,479193,GPF_F,45174,nothing found,double peaks,,,,,,double peak,,1,pos,,3,SB10,,,,,,,,,,,,,,,
2021,07-Oct-21,2021-10-07,2021,kyllini,E01w,E01w,Ornitela_Vultures_Gyps_fulvus_TAU_UCLA_Israel,,213586,07-Oct-21,,,E01,white ,Wild,2021,juv,m,Negev,wild,,pos,,,myco. Syno NCTC,0.87,,,,,myco. Syno HN01,0.87,myco. Syno NCTC,0.87,,,,,,,,,,,2,pos,,74,SB67,486414,MGSO_R,45023,myco. Syno HN01,0.87,myco. Syno NCTC,0.87,,,,,,,,
2021,13-Sep-21,2021-09-13,2021,thronos,E00w,E00w,Ornitela_Vultures_Gyps_fulvus_TAU_UCLA_Israel,,213554,13-Sep-21,,,E00,white ,Wild,2021,juv,f,Negev,wild,,pos,myco_005,high_temp,myco. 005,0.99,,,,,1,SB12,479193,GPF_F,45174,myco. 005,0.99,myco 1449,0.99,479808,MGSO_R,2015-06-23,myco. 005,0.99,1,pos,,1,SB12,,,,,,,,,,,,,,,
2021,13-Sep-21,2021-09-13,2021,hippocrates,A75w,A75w,Ornitela_Vultures_Gyps_fulvus_TAU_UCLA_Israel,,213565,13-Sep-21,,,A75 ,white ,Wild,2007,ad,NA,Negev,wild,,pos,,high_temp,Catellicoccus ,0.99,,,,,5,SB6,479193,GPF_F,45174,,,,,,,,Catellicoccus ,0.99,1,pos,,10,SB6,,,,,,,,,,,,,,,
2021,29-Sep-21,2021-09-29,2021,arthur,A58w,A58w,Ornitela_Vultures_Gyps_fulvus_TAU_UCLA_Israel,,213578,29-Sep-21,,,A58,white,Wild,2020,sub,NA,Negev,wild,,pos,synovia,,mycoplasmopsis synovaie,0.99,,,,,,,,,,,,,,,,,,,1,pos,,38,SB42,481926,MGSO_R,45144,mycoplasmopsis synovaie,0.99,,,,,,,,,,
2021,07-Oct-21,2021-10-07,2021,kedros,A57w,A57w,Ornitela_Vultures_Gyps_fulvus_TAU_UCLA_Israel,,213557,07-Oct-21,31-May-22,236,A57,white,Wild,2009,ad,f,Negev,wild,,pos,synovia,,myco. Syno HN01,0.99,,,,,myco. Syno HN01,0.99,myco. Syno NCTC,0.99,,,,,,,,,,,2,pos,,75,SB68,486414,MGSO_R,45023,myco. Syno HN01,0.99,myco. Syno NCTC,0.99,,,,,,,,
2021,29-Sep-21,2021-09-29,2021,plettenberg,A55w,A55w,Ornitela_Vultures_Gyps_fulvus_TAU_UCLA_Israel,,213560,29-Sep-21,19-Oct-22,385,A55,white,Wild,2003,ad,m,Negev,wild,,pos,MV120BA,,myco. MV120BA,0.99,,myco. 48620KC,0.98,,,,,,,,,,,,,,,,1,pos,,45,SB55,487648,MGSO_R,2013-07-23,myco. MV120BA,0.99,myco. 48620KC,0.98,,,,,,,,
2021,07-Oct-21,2021-10-07,2021,kaolin,A52w,A52w,Ornitela_Vultures_Gyps_fulvus_TAU_UCLA_Israel,,202367,07-Oct-21,,,A52,white,Wild,2013,ad,NA,Negev,wild,,neg,,,,,,,,,,,,,,,,,,,,,,,2,neg,,62,SB75,,,,,,,,,,,,,,,
2021,13-Sep-21,2021-09-13,2021,pindus,A39w,A39w,Ornitela_Vultures_Gyps_fulvus_TAU_UCLA_Israel,,213576,13-Sep-21,,,A39,white ,Wild,2021,juv,m,Negev,wild,,pos,vulturii,high_temp,vulturii,0.99,,,,,3,SB9,479193,GPF_F,45174,,,,,479808,MGSO_R,2015-06-23,vulturii,0.99,1,pos,,2,SB9,,,,,,,,,,,,,,,
2021,13-Sep-21,2021-09-13,2021,skala,A35w,A35w,Ornitela_Vultures_Gyps_fulvus_TAU_UCLA_Israel,,213562,13-Sep-21,,,A35 ,white ,Wild,2021,juv,f,Negev,wild,,pos,vulturii,high_temp,vulturii,0.99,,,,,4,SB7,479193,GPF_F,45174,,,,,479808,MGSO_R,2015-06-23,vulturii,0.99,1,pos,,4,SB7,,,,,,,,,,,,,,,
2021,13-Sep-21,2021-09-13,2021,mitikas,A33w,A33w,Ornitela_Vultures_Gyps_fulvus_TAU_UCLA_Israel,,213569,13-Sep-21,13-Oct-21,30,A33,white ,Wild,2020,sub,NA,Negev,wild,,pos,vulturii,high_temp,vulturii,0.99,,,,,7,SB4,479193,GPF_F,45174,,,,,479808,MGSO_R,2015-06-23,vulturii,0.99,1,pos,,7,SB4,,,,,,,,,,,,,,,
2021,13-Sep-21,2021-09-13,2021,fiver,A32w,A32w,Ornitela_Vultures_Gyps_fulvus_TAU_UCLA_Israel,,213585,13-Sep-21,,,A32,white ,Wild,2005,ad,NA,Negev,wild,,pos,vulturii,high_temp,vulturii,0.99,,,,,9,SB2,479193,GPF_F,45174,,,,,479808,MGSO_R,2015-06-23,vulturii,0.99,1,pos,,8,SB2,,,,,,,,,,,,,,,
2021,13-Sep-21,2021-09-13,2021,neufneuf,A31w,A31w,Ornitela_Vultures_Gyps_fulvus_TAU_UCLA_Israel,,213572,13-Sep-21,,,A31 ,white ,Wild,2021,juv,m,Negev,wild,,pos,vulturii,high_temp,vulturii,0.99,,,,,6,SB5,479193,GPF_F,45174,,,,,479808,MGSO_R,2015-06-23,vulturii,0.99,1,pos,,5,SB5,,,,,,,,,,,,,,,
2021,29-Sep-21,2021-09-29,2021,pamela,A29w,A29w,Ornitela_Vultures_Gyps_fulvus_TAU_UCLA_Israel,,213584,29-Sep-21,,,A29,white,Wild,2007,ad,f,Negev,wild,,pos,,,myco. 005,0.76,,myco. 1449 ,0.76,,,,,,,,,,,,,,,,1,pos,,43,SB57,484751,MGSO_R,2021-06-23,myco. 005,0.76,myco. 1449 ,0.76,,486414,GPF_F,45023,vulturii ,0.77,vulturii,0.77
2021,29-Sep-21,2021-09-29,2021,cantata,A22w,A22w,Ornitela_Vultures_Gyps_fulvus_TAU_UCLA_Israel,,213570,29-Sep-21,,,A22,white,Wild,2015,ad,NA,Negev,wild,,neg,,,,,,,,,,,,,,,,,,,62 sent ,,,,1,neg,,41,SB59,nanodrop too low - not sent ,,,,,,,,,,,,,,
2021,29-Sep-21,2021-09-29,2021,dome,A19w,A19w,Ornitela_Vultures_Gyps_fulvus_TAU_UCLA_Israel,,213596,29-Sep-21,,,A19,white,Wild,2015,ad,f,Negev,wild,,pos,vulturii,,vulturii,0.91,,,,,,,,,,,,,,,,,,,1,pos,,39,SB41,481926,MGSO_R,45144,vulturii,0.91,,,,,,,,,,
2021,29-Sep-21,2021-09-29,2021,hasan,A16w,A16w,Ornitela_Vultures_Gyps_fulvus_TAU_UCLA_Israel,,213566,29-Sep-21,,,A16,white,Wild,2016,ad,f,Negev,wild,,pos,vulturii,,vulturii,0.97,,vulturii,0.97,,,,,,,,,,,,,,,,2,pos,,82,SB53,486414,MGSO_R,45023,vulturii,0.97,vulturii,0.97,,,,,,,,
2021,29-Sep-21,2021-09-29,2021,hoeman,A10w,A10w,Ornitela_Vultures_Gyps_fulvus_TAU_UCLA_Israel,,213583,29-Sep-21,,,A10,white,Wild,2003,ad,NA,Negev,wild,,neg,,,,,,,,,,,,,,,,,,,,,,,1,neg,,44,SB56,nanodrop too low - not sent ,,,,,,,,,,,,,,
2021,13-Sep-21,2021-09-13,2021,aizenberg,A08w,A08w,Ornitela_Vultures_Gyps_fulvus_TAU_UCLA_Israel,,213559,13-Sep-21,07-Oct-21,24,A08,white ,Wild,2020,sub,NA,Negev,wild,,pos,myco_005,,myco. 005,0.99,952/953,myco. 1449,0.99,949/954,,SB14,,,,,,,,,,,,,2,pos,,47,SB14,486414,MGSO_R,45023,myco. 005,0.99,myco. 1449,0.99,,,,,,,,
2021,13-Sep-21,2021-09-13,2021,hava,A02w,A02w,Ornitela_Vultures_Gyps_fulvus_TAU_UCLA_Israel,,213579,13-Sep-21,01-Oct-21,18,A02,white ,Wild,2018,sub,NA,Negev,wild,,pos,myco_005,,myco. 005,0.99,938/940,myco. 1449,0.99,937/941,16,SB19,480649,GPF_F,2021-05-23,vulturii,0.99,vulturii,0.99,,,,,,1,pos,,16,SB19,484751,MGSO_R,2021-06-23,myco. 005,0.99,myco. 1449,0.99,,,,,,,,
2021,09-Nov-21,2021-11-09,2021,yoyo,Y27b,Y27b,Ornitela_Vultures_Gyps_fulvus_TAU_UCLA_Israel,,202400,04-Sep-20,,,Y27,black,Wild,2019,sub,NA,Negev,wild,,pos,myco_005,,myco. 005,0.92,,uncultured myco,0.91,,,,,,,,,,,,,,,,2,pos,,59,SB90,487648,MGSO_R,2013-07-23,myco. 005,0.92,uncultured myco,0.91,,,,,,,,
2021,29-Sep-21,2021-09-29,2021,dor,T95 B (N45>Y 78>X46>E05>K76),T95b,Gyps fulvus INPA Hatzofe,,180179,12-Oct-18,,,T95 ,black,Wild,2003,ad,m,Negev,wild,,neg,,,,,,,,,,,,,,,,,,,,,,,1,neg,,46,SB54,,,,,,,,,,,,,,,
2021,29-Sep-21,2021-09-29,2021,tay,T66w,T66w,Ornitela_Vultures_Gyps_fulvus_TAU_UCLA_Israel,,202360,04-Sep-20,24-Oct-21,415,T66,white,Wild,2019,sub,NA,Negev,wild,,pos,,,myco. 005,0.96,,,,,,,,,,,,,,,,,,,1,pos,,34,SB46,481926,MGSO_R,45144,myco. 005,0.96,,,,,,,,,,
2021,07-Oct-21,2021-10-07,2021,gili,T51 B (E08>H86>K51>S19),T51b,Gyps fulvus INPA Hatzofe,,180177,12-Oct-18,,,T51 ,black,Wild,2009,ad,m,Negev,wild,,neg,,,,,,,,,,,,,,,,,,,,,,,2,neg,,73,SB66,,,,,,,,,,,,,,,
2021,07-Oct-21,2021-10-07,2021,gobi,K39,K39,Gyps fulvus INPA Hatzofe,,17488,17-Sep-17,,,J37,white,Wild,2006,ad,f,Negev,wild,,pos,,,myco. Sp18b,0.99,,myco. 27639,0.99,,myco. Sp18b,0.99,myco. 27639,0.99,,,,,,,,,,,2,pos,,78,SB72,486414,MGSO_R,45023,myco. Sp18b,0.99,myco. 27639,0.99,,,,,,,,
2021,13-Sep-21,2021-09-13,2021,circus,J54 White,J54w,Gyps fulvus INPA Hatzofe,,200376,06-Nov-20,,,J54,white,Wild,2019,sub,f,Negev,wild,,pos,vulturii,high_temp,vulturii,0.99,,,,,10,SB1,479193,GPF_F,45174,,,,,479808,MGSO_R,2015-06-23,vulturii,0.99,1,pos,,9,SB1,,,,,,,,,,,,,,,
2021,22-Oct-21,2021-10-22,2021,hatfield,J39w,J39w,Ornitela_Vultures_Gyps_fulvus_TAU_UCLA_Israel,,202408,08-Sep-20,03-Nov-22,786,J39,white,Wild,2020,sub,m,Negev,wild,,pos,,,myco. Sp18b,0.99,,myco. 27639,0.99,,,,,,,,,,,,,,,,2,pos,,68,SB81,486414,MGSO_R,45023,myco. Sp18b,0.99,myco. 27639,0.99,,,,,,,,
2021,29-Sep-21,2021-09-29,2021,yonat,J38w,J38w,Ornitela_Vultures_Gyps_fulvus_TAU_UCLA_Israel,,202407,08-Sep-20,02-Dec-21,450,J38,white,Wild,2007,ad,NA,Negev,wild,,pos,myco_005,ok,myco. 005,0.99,936/937,myco. 1449 ,936/941,,22,SB37,480649,GPF_F,2021-05-23,vulturii,0.95,vulturii,0.95,481918,MGSO_R,,vulturii ,0.99,1,pos,,22,SB37,481926,MGSO_R,45144,myco. 005,0.99,myco. 1449 ,0.98,ok sequence ,,,,,,,
2021,22-Oct-21,2021-10-22,2021,chegovar,J29 White,J29w,Gyps fulvus INPA Hatzofe,,200372,22-Mar-20,,,J29,white,Wild,2018,sub,f,Negev,wild,,pos,vulturii,,vulturii,0.99,,,,,,,,,,,,,,,,,,,2,pos,,55,SB85,486414,MGSO_R,45023,vulturii,0.99,vulturii,0.98,,,,,,,,
2021,29-Sep-21,2021-09-29,2021,morillo,J24 White,J24w,Gyps fulvus INPA Hatzofe,,200373,22-Mar-20,28-Oct-21,585,J24,white,Wild,2018,sub,m,Negev,wild,,neg,,,,,,,,,,,,,,,,,,,,,,,1,neg,,33,SB47,,,,,,,,,,,,,,,
2021,13-Sep-21,2021-09-13,2021,geenie,J18w,J18w,Ornitela_Vultures_Gyps_fulvus_TAU_UCLA_Israel,,202366,04-Sep-20,17-Sep-22,743,J18,white,Wild,2020,sub,NA,Negev,wild,,pos,vulturii,,vulturii,1,952/952,,,,30,SB26,480649,GPF_F,2021-05-23,vulturii,1,,,,,,,,1,pos,,30,SB26,487648,MGSO_R,2013-07-23,vulturii,0.99,vulturii,0.99,,,,,,,,
2021,13-Sep-21,2021-09-13,2021,hendrix,J17w,J17w,Ornitela_Vultures_Gyps_fulvus_TAU_UCLA_Israel,,202409,04-Sep-20,,,J17,white,Wild,2020,sub,m,Negev,wild,,pos,47802B,,myco. 47802B,0.99,957/964,myco. M222-5,0.99,956/967,11,SB25,480649,GPF_F,2021-05-23,myco. 47802B,0.99,,,,,,,,1,pos,,11,SB25,487648,MGSO_R,2013-07-23,myco. 47802B,0.99,myco. M222-5,0.99,,,,,,,,
2021,13-Sep-21,2021-09-13,2021,henson,J16w,J16w,Ornitela_Vultures_Gyps_fulvus_TAU_UCLA_Israel,,202380,14-Sep-20,,,J16,white,Wild,2020,sub,m,Negev,wild,,pos,synovia,,myco. Syno HN01,0.99,945/952,myco. Syno NCTC,0.98,,27,SB28,480649,GPF_F,2021-05-23,vulturii,0.97,vulturii,0.97,,,,,,1,pos,,27,SB28,484751,MGSO_R,2021-06-23,myco. Syno HN01,0.98,myco. Syno NCTC,0.98,double peaks,486414,GPF_F,45023,myco. Syno HN01,0.99,myco. Syno NCTC,0.99
2021,13-Sep-21,2021-09-13,2021,xena,J15w,J15w,Ornitela_Vultures_Gyps_fulvus_TAU_UCLA_Israel,,202396,08-Sep-20,21-Oct-21,408,J15,white,Wild,2012,ad,NA,Negev,wild,,neg,,,,,,,,,13,SB23,480649,GPF_F,2021-05-23,myco. Sp strain I23,0.97,,,481918,MGSO_R,,Myco I23,0.97,1,neg,,13,SB23,drop too low,,,,,,,,,,,,,,
2021,13-Sep-21,2021-09-13,2021,kat,J12w,J12w,Ornitela_Vultures_Gyps_fulvus_TAU_UCLA_Israel,,202369,08-Sep-20,,,J12 ,white,Wild,2014,ad,f,Negev,wild,,neg,,,,,,,,,24,SB32,480649,GPF_F,2021-05-23,unknown,,,,,,,,,1,neg,,24,SB32,,,,,,,,,,,,,,not found,
2021,13-Sep-21,2021-09-13,2021,jill,J11w,J11w,Ornitela_Vultures_Gyps_fulvus_TAU_UCLA_Israel,,202370,04-Sep-20,,,J11,white,Wild,2018,sub,m,Negev,wild,,neg,,,,,,,,,17,SB18,480649,GPF_F,2021-05-23,viribacillus,,,,,,,,,1,neg,,17,SB18,,,,,,,,,,,,,,,
2021,13-Sep-21,2021-09-13,2021,jog,J06w,J06w,Ornitela_Vultures_Gyps_fulvus_TAU_UCLA_Israel,,202376,24-Sep-20,,,J06 ,white,Wild,2017,ad,f,Negev,wild,,pos,,,myco. 005,0.99,882/886,myco. 1449 ,0.99,878/886,23,SB33,480649,GPF_F,2021-05-23,myco. 005,0.93,,,481918,MGSO_R,,cannot assemble,,1,pos,,23,SB33,481926,MGSO_R,45144,myco. 005,0.98,,,,,,,,,myco 005,
2021,07-Oct-21,2021-10-07,2021,tennessee,E07w,E07w,Ornitela_Vultures_Gyps_fulvus_TAU_UCLA_Israel,,213553,13-Sep-21,24-Oct-21,41,E07,white ,Wild,2006,ad,m,Negev,wild,,pos,,,myco. 47802B,0.95,,myco. M222-5,0.95,,,,,,,,,,,,,,,,2,pos,,69,SB60,487648,MGSO_R,2013-07-23,myco. 47802B,0.95,myco. M222-5,0.95,,,,,,,,
2021,22-Oct-21,2021-10-22,2021,aliwal,A78w,A78w,Ornitela_Vultures_Gyps_fulvus_TAU_UCLA_Israel,,202374,24-Sep-20,,,A78,white,Wild,2020,sub,m,Negev,wild,,pos,vulturii,,vulturii,0.99,,,,,,,,,,,,,,,,,,,2,pos,,54,SB84,486414,MGSO_R,45023,vulturii,0.99,vulturii,0.99,,,,,,,,
2021,13-Sep-21,2021-09-13,2021,assegais,A53w,A53w,Ornitela_Vultures_Gyps_fulvus_TAU_UCLA_Israel,,202382,13-Sep-21,20-May-22,249,A53,white,Wild,2020,sub,NA,Negev,wild,,neg,,,,,,,,,26,SB30,480649,GPF_F,2021-05-23,uncultured firmicutes,,,,481918,MGSO_R,,uncultured rumen,,1,neg,,26,SB30,,,,,,,,,,,,,,uncultured firmicutes ,
2021,07-Oct-21,2021-10-07,2021,tikishla,A15w,A15w,Ornitela_Vultures_Gyps_fulvus_TAU_UCLA_Israel,,202392,14-Sep-20,,,A15,white,Wild,2006,ad,m,Negev,wild,,pos,MV120BA,,myco. MV120BA,0.98,,myco. 48620KC,0.97,,,,,,,,,,,,,,,,2,pos,,66,SB78,486414,MGSO_R,45023,myco. MV120BA,0.98,myco. 48620KC,0.97,,,,,,,,
2021,07-Oct-21,2021-10-07,2021,abel,A05w,A05w,Ornitela_Vultures_Gyps_fulvus_TAU_UCLA_Israel,,202368,08-Sep-20,,,A05,white,Wild,2016,ad,NA,Negev,wild,,pos,Sp18b,,myco. Sp18b,0.95,,myco. 27639,0.94,,myco. Sp18b,0.95,myco. 27639,0.94,,,,,,,,,,,2,pos,,76,SB69,486414,MGSO_R,45023,myco. Sp18b,0.95,myco. 27639,0.94,,,,,,,,
2021,13-Sep-21,2021-09-13,2021,caine,A03w,A03w,Ornitela_Vultures_Gyps_fulvus_TAU_UCLA_Israel,,202398,08-Sep-20,,,A03,white,Wild,2016,ad,f,Negev,wild,,pos,synovia,,M. synoviae,0.99,940/946,,,,18,SB17,480649,GPF_F,2021-05-23,unknown,,,,481918,MGSO_R,,cannot assemble,,1,pos,,18,SB17,484751,MGSO_R,2021-06-23,myco. Syno HN01,0.99,myco. Syno NCTC,0.99,,,,,,,,
2021,09-Nov-21,2021-11-09,2021,caine,A03w,A03w,Ornitela_Vultures_Gyps_fulvus_TAU_UCLA_Israel,,202398,08-Sep-20,,,A03,white,Wild,2016,ad,f,Negev,wild,,pos,,,myco. Sp18b,0.99,,myco. 27639,0.99,,,,,,,,,,,,,,,,2,pos,,58,SB89,486414,MGSO_R,45023,myco. Sp18b,0.99,myco. 27639,0.99,,,,,,,,
2021,29-Sep-21,2021-09-29,2021,armstrong,A00w,A00w,Ornitela_Vultures_Gyps_fulvus_TAU_UCLA_Israel,,202381,08-Sep-20,,,A00,white,Wild,2013,ad,NA,Negev,wild,,pos,47802B,,myco. 47802B,0.99,,myco. M222-5,0.99,,,,,,,,,,,,,,,,2,pos,,79,SB50,486414,MGSO_R,45023,myco. 47802B,0.99,myco. M222-5,0.99,,,,,,,,
